Wall time,Step,Value
1666993447.999142,0,1.3333332390175201e-05
1666995121.804184,1,6.6666661950876005e-06
1666996779.272316,2,0.0
