Wall time,Step,Value
1666993447.998454,0,1.5475590229034424
1666995121.803555,1,0.9921996593475342
1666996779.27167,2,0.7741248607635498
