Wall time,Step,Value
1666993447.998966,0,0.5335094928741455
1666995121.804018,1,0.6737591624259949
1666996779.272141,2,0.7403185963630676
