Wall time,Step,Value
1666993447.998728,0,0.5487514734268188
1666995121.803806,1,0.6937499642372131
1666996779.271921,2,0.7600106596946716
